# Watchlist for the dashboard. Sections drive the filter chips; tickers are
# deduped across sections in first-seen order. Edit freely.

[M7]
AAPL, MSFT, GOOGL, AMZN, NVDA, META, TSLA

[LEVERAGED]
FNGU, BULZ, TSLL, AAPU, SOXL, ORCX, CURE, METU, NVDL, AMZU, MSFU

[LEVERAGED-BEAR]
# same-issuer inverse funds for the bulls above (Direxion single-stock bears are -1x)
FNGD, BERZ, SOXS, LABD, TSLS, AAPD, METD, NVD, AMZD, MSFD, GGLS, MUD, CONI, ORCS

[SEMIS]
AVGO, AMD, QCOM, INTC, MRVL, AMAT, MU, SNDK, WDC, STX, ALAB, SNPS, CDNS, ARM, LITE, LRCX, KLAC

[AI-DATACENTER]
NBIS, VRT, ANET, CEG, VST, TLN, PLTR, PENG, DDOG, SNOW, CRWV, STRL, AGX

[CYBERSECURITY]
CRWD, PANW, FTNT, NET, S, OKTA, CHKP

[FINANCIALS]
JPM, WFC, BAC, HSBC, V, MA, HOOD, COIN, SEZL

[CRYPTO]
IBIT, MSTR, COIN

[HEALTHCARE]
LLY, UNH, ISRG, VEEV, DXCM, CORT

[ENERGY]
XOM, CVX, COP, EOG, AR

[CONSUMER]
COST, WMT, HD, LOW, MCD, PEP

[INDUSTRIALS]
CAT, CMI, GLW, AUR

[SPACE]
SPCX, DXYZ, RKLB, LUNR, ASTS

[INTL]
BABA, TCEHY

[DOW]
JNJ, PG, KO, MRK, DIS, GS, HON, IBM, VZ, AXP, BA, NKE, AMGN, CRM, MMM, TRV

[NASDAQ100]
ADBE, TMUS, TXN, INTU, CMCSA, BKNG, PANW, GILD, VRTX, REGN, ADI, ABNB, MELI, PYPL, SBUX, MDLZ, ADSK, NXPI, MAR

[TICKERS]
ORCL, CSCO, NFLX, CRWD
